"lhs","rhs","support","confidence","coverage","lift","count"
"{""e"",""n"",""s""}","{""i""}",0.0260434858539993,0.638309256286784,0.0408007334963325,1.83274855283847,1193
"{""n"",""o"",""s""}","{""i""}",0.0250392944463849,0.67789598108747,0.0369367796018163,1.94641212872351,1147
"{""n"",""o"",""t""}","{""i""}",0.0236203283269298,0.607865168539326,0.0388578414250786,1.74533581800485,1082
"{""e"",""i"",""o""}","{""n""}",0.0229654208871813,0.646588813767671,0.0355178134823612,1.74567928219894,1052
"{""e"",""k"",""n""}","{""a""}",0.0163726859937129,0.613747954173486,0.0266765630457562,1.48754318967085,750
"{""e"",""l"",""n""}","{""a""}",0.0149100593782745,0.637126865671642,0.0234020258470136,1.54420674405749,683
"{""e"",""m"",""n""}","{""a""}",0.0148009081383165,0.617486338797814,0.0239696122947957,1.4966039263307,678
"{""k"",""m"",""n""}","{""a""}",0.0146262661543835,0.64922480620155,0.0225288159273489,1.57352856732702,670
"{""e"",""l"",""n""}","{""i""}",0.0141241704505763,0.603544776119403,0.0234020258470136,1.73293087028191,647
"{""e"",""l"",""t""}","{""a""}",0.0129671673070206,0.609856262833676,0.0212626615438351,1.47811088295688,594
"{""d"",""e"",""s""}","{""i""}",0.0126397135871463,0.608832807570978,0.0207605658400279,1.748114156275,579
"{""d"",""o"",""s""}","{""i""}",0.0112207474676912,0.617788461538462,0.0181627663290255,1.77382812123316,514
"{""<U+025B>"",""m"",""n""}","{""t""}",0.0109587844917918,0.603365384615385,0.0181627663290255,1.72905608623469,502
"{""i"",""l"",""r""}","{""a""}",0.010151065316102,0.622489959839357,0.016307195249738,1.50873122118102,465
"{""<U+027E>"",""n"",""t""}","{""i""}",0.0100419140761439,0.615796519410977,0.016307195249738,1.76810874772333,460
"{""<U+027E>"",""n"",""s""}","{""i""}",0.00984544184421935,0.656477438136827,0.014997380370241,1.88491403323128,451
"{""f"",""i"",""t""}","{""n""}",0.00982361159622773,0.613079019073569,0.016023402025847,1.65520856401969,450
"{""n"",""o"",""p""}","{""i""}",0.00980178134823612,0.656432748538012,0.0149318896262662,1.88478571800359,449
"{""<U+0259>"",""k"",""n""}","{""a""}",0.00975812085225288,0.627808988764045,0.0155431365700314,1.52162297128589,447
"{""<U+0259>"",""a"",""k""}","{""n""}",0.00975812085225288,0.624301675977654,0.0156304575619979,1.68550781948396,447
"{""e"",""l"",""r""}","{""a""}",0.0091468739084876,0.602877697841727,0.0151720223541739,1.46119690913936,419
"{""g"",""i"",""n""}","{""a""}",0.00884125043660496,0.61178247734139,0.0144516241704506,1.48277945619335,405
"{""<U+0259>"",""a"",""i""}","{""n""}",0.00873209919664687,0.654664484451719,0.0133382815228781,1.76748221275207,400
"{""d"",""k"",""t""}","{""i""}",0.00823000349283968,0.613008130081301,0.0134256025148446,1.7601025713153,377
"{""<U+027E>"",""e"",""o""}","{""s""}",0.00814268250087321,0.623745819397993,0.0130544882989871,2.11632830864257,373
"{""<U+0254>"",""<U+025B>"",""r""}","{""n""}",0.00794621026894866,0.604651162790698,0.0131418092909535,1.63245479254531,364
"{""e"",""f"",""i""}","{""n""}",0.0078807195249738,0.630017452006981,0.0125087320991966,1.70093943782258,361
"{""<U+0259>"",""m"",""n""}","{""a""}",0.0077497380370241,0.620629370629371,0.012486901851205,1.5042217042217,355
"{""f"",""n"",""s""}","{""i""}",0.00770607754104087,0.650092081031308,0.0118538246594481,1.8665800456238,353
"{""k"",""m"",""u""}","{""a""}",0.00770607754104087,0.664783427495292,0.0115918616835487,1.61123805538118,353
"{""<U+027E>"",""d"",""s""}","{""a""}",0.00729130282920014,0.630188679245283,0.0115700314355571,1.52739063591894,334
"{""f"",""i"",""o""}","{""n""}",0.00716032134125044,0.661290322580645,0.0108278030038421,1.78537084321178,328
"{""f"",""n"",""o""}","{""i""}",0.00716032134125044,0.652087475149105,0.0109806147397834,1.87230933067759,328
"{""<U+025B>"",""<U+027E>"",""n""}","{""t""}",0.00713849109325882,0.642436149312377,0.0111115962277331,1.84102065234291,327
"{""e"",""g"",""n""}","{""a""}",0.00674554662940971,0.630612244897959,0.0106968215158924,1.52841723356009,309
"{""a"",""e"",""v""}","{""i""}",0.00670188613342648,0.604330708661417,0.0110897659797415,1.73518748291101,307
"{""<U+027E>"",""k"",""t""}","{""i""}",0.00643992315752707,0.617154811715481,0.010434858539993,1.77200875110084,295
"{""<U+025B>"",""e<U+02D0>"",""t""}","{""n""}",0.00637443241355222,0.603305785123967,0.0105658400279427,1.62882250279712,292
"{""d"",""e"",""l""}","{""i""}",0.00637443241355222,0.617336152219873,0.0103257073000349,1.77252942590497,292
"{""g"",""i"",""t""}","{""a""}",0.00633077191756898,0.600414078674948,0.0105440097799511,1.45522582624032,290
"{""<U+0254>"",""<U+025B>"",""k""}","{""n""}",0.00628711142158575,0.608879492600423,0.0103257073000349,1.64387056032535,288
"{""<U+025B>"",""e<U+02D0>"",""r""}","{""n""}",0.00626528117359413,0.614561027837259,0.0101947258120852,1.65920973437668,287
"{""<U+025B>"",""<U+026A>"",""r""}","{""n""}",0.00617796018162766,0.697044334975369,0.00886308068459658,1.88190056560097,283
"{""e"",""n"",""v""}","{""i""}",0.00615612993363605,0.623893805309734,0.00986727209221097,1.79135811919445,282
"{""<U+0250>"",""<U+025B>"",""t""}","{""n""}",0.00613429968564443,0.645977011494253,0.00949615787635347,1.74402752062997,281
"{""<U+0250>"",""<U+025B>"",""n""}","{""t""}",0.00613429968564443,0.614879649890591,0.00997642333216905,1.76205236172588,281
"{""<U+0250>"",""n"",""t""}","{""<U+025B>""}",0.00613429968564443,0.67710843373494,0.00905955291652113,3.82925717685557,281
"{""d"",""s"",""u""}","{""i""}",0.00604697869367796,0.610132158590308,0.0099109325881942,1.75184492420113,277
"{""f"",""k"",""n""}","{""i""}",0.00593782745371987,0.62962962962963,0.00943066713237862,1.80782713263596,272
"{""<U+0259>"",""n"",""p""}","{""a""}",0.00593782745371987,0.635514018691589,0.00934334614041215,1.54029768085843,272
"{""<U+0259>"",""k"",""m""}","{""a""}",0.00580684596577017,0.62004662004662,0.00936517638840377,1.50280928947596,266
"{""<U+027E>"",""d"",""e""}","{""a""}",0.0057195249738037,0.623809523809524,0.00916870415647922,1.51192945326279,262
"{""<U+0254>"",""r"",""s""}","{""t""}",0.00569769472581209,0.604166666666667,0.00943066713237863,1.73135230945678,261
"{""e"",""o"",""u""}","{""n""}",0.00563220398183723,0.646616541353383,0.00871026894865526,1.74575414194117,258
"{""f"",""o"",""t""}","{""n""}",0.005588543485854,0.602352941176471,0.0092778553964373,1.62624998699898,256
"{""<U+0254>"",""<U+025B>"",""v""}","{""n""}",0.00532658050995459,0.627249357326478,0.00849196646873909,1.69346605530803,244
"{""b"",""m"",""n""}","{""a""}",0.00528292001397136,0.654054054054054,0.00807719175689836,1.58523323323323,242
"{""<U+0254>"",""<U+025B>"",""d""}","{""n""}",0.00523925951798812,0.604534005037783,0.00866660845267202,1.63213848663705,240
"{""<U+025B>"",""e<U+02D0>"",""l""}","{""n""}",0.00517376877401327,0.620418848167539,0.00833915473279777,1.67502484804966,237
"{""e"",""g"",""t""}","{""a""}",0.00517376877401327,0.618798955613577,0.00836098498078938,1.49978532056861,237
"{""<U+025B>"",""<U+026A>"",""t""}","{""n""}",0.00513010827803004,0.652777777777778,0.00785888927698219,1.76238842720837,235
"{""a"",""f"",""k""}","{""i""}",0.00513010827803004,0.628342245989305,0.00816451274886483,1.80413072610493,235
"{""n"",""o"",""v""}","{""i""}",0.00510827803003842,0.639344262295082,0.00798987076493189,1.83572031886756,234
"{""<U+014B>"",""k"",""n""}","{""a""}",0.00504278728606357,0.735668789808917,0.0068546978693678,1.78304317055909,231
"{""f"",""o"",""s""}","{""i""}",0.00502095703807195,0.603674540682415,0.00831732448480615,1.73330345741382,230
"{""e"",""g"",""r""}","{""a""}",0.00502095703807195,0.631868131868132,0.00794621026894866,1.53146113146113,230
